Voltage_measured,Current_measured,Temperature_measured,Current_charge,Voltage_charge,Time
0,-0.00120066069829791,24.6553578339151,0,0.003,0
-4.036,-4.03026847753879,24.6664798117748,-4.036,1.57,2.532
1.5,1.51273064747454,24.6753944700602,1.5,4.726,5.5
1.5,1.50906328192998,24.6938650938556,1.5,4.742,8.344
1.5,1.51131819290878,24.705069460327,1.5,4.753,11.125
1.498,1.51277913030508,24.7181397169436,1.498,4.758,13.891
1.5,1.51183834291577,24.7311441467293,1.5,4.764,16.672
1.5,1.51024540359745,24.741289654482,1.5,4.769,19.5
1.5,1.50779576230267,24.7590114137171,1.5,4.775,22.282
1.5,1.50732202593623,24.7668910946495,1.5,4.775,25.063
1.5,1.5102259388806,24.7783390761184,1.5,4.78,27.828
1.498,1.51185336042836,24.7956534090934,1.498,4.785,30.641
1.5,1.5101392891692,24.7956088630964,1.5,4.785,33.453
1.498,1.51281771358362,24.8075917860851,1.498,4.791,36.219
1.498,1.50957766109772,24.8266462528865,1.498,4.791,39.735
1.498,1.51277214556455,24.8374213327908,1.498,4.796,42.578
1.498,1.50976949432885,24.8467593027849,1.498,4.796,45.438
1.5,1.51136776968995,24.8491666584376,1.5,4.802,48.297
1.5,1.51339798430863,24.8529499815138,1.5,4.802,51.188
1.5,1.51119735245983,24.8650739852707,1.5,4.807,54.047
1.5,1.51124417298243,24.8750624728474,1.5,4.807,56.922
1.5,1.50811263104578,24.886489825324,1.5,4.812,59.797
1.498,1.50885266566507,24.9065392281085,1.498,4.812,62.688
1.498,1.51034530654232,24.9093029771151,1.498,4.812,65.657
1.5,1.51388071807625,24.9140030695592,1.5,4.818,68.547
1.498,1.5075492173309,24.9263850317659,1.498,4.818,71.453
1.5,1.51128716435571,24.9378728948095,1.5,4.818,74.344
1.5,1.51206330759896,24.9514677083522,1.5,4.823,77.235
1.5,1.51258570808728,24.9507894417961,1.5,4.823,80.188
1.5,1.50939482163725,24.9815381494247,1.5,4.829,83.172
1.5,1.51015524284551,24.9921471499287,1.5,4.829,86.094
1.5,1.50618316097048,24.9974922129566,1.5,4.829,89.016
1.5,1.51109600547263,25.0028967555398,1.5,4.829,91.922
1.498,1.512965269792,25.0095366961397,1.498,4.834,94.907
1.5,1.50963281108801,25.0236457319541,1.5,4.834,97.844
1.498,1.51144181296304,25.0363629252489,1.498,4.834,100.766
1.5,1.51111947298452,25.0450956375724,1.5,4.834,103.75
1.5,1.51439323219826,25.0567594036521,1.5,4.834,106.703
1.5,1.5123904801109,25.0639003396854,1.5,4.839,109.641
1.5,1.51002406341279,25.0689234040114,1.5,4.839,112.641
1.5,1.51073994952071,25.0822131893318,1.5,4.839,115.594
1.5,1.51006865367835,25.0958309424231,1.5,4.839,118.547
1.5,1.50981504617895,25.1034397361502,1.5,4.839,121.532
1.5,1.51192984580926,25.1164980128814,1.5,4.839,124.5
1.5,1.51071286756576,25.1249454994815,1.5,4.845,127.532
1.5,1.5112489393719,25.1392043788293,1.5,4.845,130.516
1.498,1.51053305165643,25.1423180704678,1.498,4.845,133.563
1.498,1.51009452965148,25.1543998857542,1.498,4.845,136.563
1.5,1.51252205409579,25.1708013742954,1.5,4.845,139.563
1.5,1.50954569882896,25.178837855516,1.5,4.85,142.563
1.5,1.51010640543327,25.1869797859976,1.5,4.845,145.594
1.5,1.51369699381679,25.1964115730664,1.5,4.85,148.578
1.498,1.5118107149574,25.209359776169,1.498,4.85,151.61
1.5,1.50907771379549,25.2135263392711,1.5,4.85,154.672
1.5,1.50916830726631,25.2274981344529,1.5,4.85,157.735
1.5,1.5086648778122,25.2372671112775,1.5,4.85,160.782
1.5,1.50697007379598,25.2474225593616,1.5,4.85,163.844
1.5,1.51141690728354,25.2500318892958,1.5,4.856,166.922
1.5,1.51100970164102,25.2666041089625,1.5,4.856,170.032
1.5,1.50839478595109,25.2694216383698,1.5,4.856,173.11
1.5,1.51225148578795,25.2860847815257,1.5,4.856,176.188
1.5,1.50960245862411,25.2941498634567,1.5,4.856,179.266
1.5,1.51295925874786,25.3048210009344,1.5,4.856,182.422
1.5,1.50933224180992,25.3161402155983,1.5,4.856,185.563
1.5,1.5109514387627,25.3311564066301,1.5,4.861,188.703
1.498,1.51227180967629,25.3438262179123,1.498,4.861,191.86
1.5,1.50966364534433,25.345845055548,1.5,4.861,195
1.498,1.50882160716127,25.3549088683883,1.498,4.861,198.188
1.5,1.50866220235498,25.3697806447267,1.5,4.861,201.36
1.5,1.50940984397044,25.3771490777295,1.5,4.861,204.5
1.5,1.51161260164807,25.3798266598337,1.5,4.861,207.657
1.5,1.51388045570734,25.3833185195023,1.5,4.861,210.813
1.5,1.50816626213915,25.3967204957683,1.5,4.861,213.969
1.5,1.51154155761895,25.4073758033202,1.5,4.861,217.11
1.5,1.51107593621033,25.4211163785324,1.5,4.866,220.297
1.5,1.50970040353378,25.4284806131463,1.5,4.866,223.485
1.5,1.51136649388744,25.4349501399774,1.5,4.866,226.672
1.5,1.5112985977566,25.4461792170742,1.5,4.866,229.86
1.5,1.51100255172923,25.4615186780828,1.5,4.866,233.078
1.5,1.50970820997429,25.4711749588843,1.5,4.866,236.36
1.5,1.51223371105508,25.480218072642,1.5,4.866,239.594
1.5,1.50900434541158,25.4844135416017,1.5,4.866,242.813
1.5,1.5140210303977,25.5051996650007,1.5,4.872,246.11
1.498,1.50948745242564,25.5037082484707,1.498,4.872,249.375
1.5,1.50883184743604,25.5210212207499,1.5,4.872,252.641
1.5,1.51149842563702,25.5260423580486,1.5,4.872,255.938
1.5,1.50755877867852,25.534547065622,1.5,4.872,259.219
1.5,1.5086183135293,25.5524154793545,1.5,4.872,262.547
1.498,1.51209634749597,25.5560376712336,1.498,4.872,265.828
1.5,1.50843130916651,25.5804781033333,1.5,4.872,269.157
1.5,1.51112137734998,25.584793706726,1.5,4.872,272.469
1.498,1.50824526740736,25.5905725778855,1.498,4.872,275.875
1.5,1.50852250710947,25.6035393749538,1.5,4.872,279.219
1.5,1.51014076099993,25.6157969911554,1.5,4.877,282.594
1.498,1.51094820237748,25.617327387539,1.498,4.877,285.953
1.5,1.51254086945097,25.635361186168,1.5,4.877,289.344
1.5,1.51267089014526,25.6486033955933,1.5,4.877,292.719
1.498,1.51199282649715,25.6603757584368,1.498,4.877,296.141
1.498,1.50999385584121,25.6709505513289,1.498,4.877,299.547
1.5,1.51225024963809,25.6698283575679,1.5,4.877,302.969
1.5,1.5107857234076,25.6905555679122,1.5,4.877,306.375
1.5,1.51313621512949,25.6998012140892,1.5,4.877,309.797
1.5,1.51126898310971,25.7130866065098,1.5,4.883,313.25
1.5,1.51012014542547,25.7250383110868,1.5,4.883,316.703
1.5,1.51188606789291,25.7328324005733,1.5,4.883,320.157
1.5,1.51012506022855,25.7363549468072,1.5,4.883,323.625
1.5,1.50750450784915,25.7436077042141,1.5,4.883,327.078
1.5,1.51074951880405,25.7529609040825,1.5,4.883,330.563
1.5,1.51163443363974,25.7540237314573,1.5,4.883,334.047
1.498,1.51211630194843,25.7665947272825,1.498,4.883,337.547
1.5,1.51172293096363,25.7857916999323,1.5,4.883,341.063
1.5,1.51070668008001,25.7920682691494,1.5,4.883,344.594
1.5,1.50789052634257,25.8066027509992,1.5,4.883,348.203
1.5,1.51320345690062,25.8051595600353,1.5,4.888,351.735
1.498,1.50988564891736,25.8281980904533,1.498,4.888,355.282
1.5,1.50792120329312,25.8409238012012,1.5,4.888,358.891
1.5,1.5130807588419,25.8459769841106,1.5,4.888,362.485
1.5,1.51142691777908,25.8563870409218,1.5,4.888,366.125
1.5,1.51038781360978,25.8685748762588,1.5,4.888,369.719
1.5,1.51162282008008,25.8689426727188,1.5,4.888,373.36
1.5,1.51001541217039,25.8778391347865,1.5,4.893,377
1.5,1.51035199212917,25.8926239218866,1.5,4.893,380.641
1.5,1.50910767322279,25.905303481355,1.5,4.893,384.297
1.5,1.51238907854837,25.9210124084664,1.5,4.893,387.985
1.5,1.50937415440849,25.9275922572831,1.5,4.893,391.688
1.498,1.5105374637281,25.9353124395004,1.498,4.893,395.438
1.498,1.50994662112723,25.9368638825259,1.498,4.893,399.203
1.5,1.51168295747572,25.9549121890159,1.5,4.893,403
1.5,1.50803756550851,25.969578917112,1.5,4.888,406.735
1.5,1.51153306254022,25.9717492174787,1.5,4.888,410.5
1.5,1.50967069917989,25.981966637621,1.5,4.888,414.266
1.498,1.51221934960333,25.9910885494548,1.498,4.888,418.047
1.5,1.5098053514484,26.007129293927,1.5,4.888,421.844
1.498,1.50711528352889,26.0192855714609,1.498,4.888,425.641
1.5,1.51283167472549,26.0290491236958,1.5,4.893,429.469
1.498,1.5094196970196,26.0439251034987,1.498,4.893,433.282
1.498,1.51167381660143,26.0596950826965,1.498,4.893,437.219
1.498,1.51178706291165,26.073227146913,1.498,4.893,441.078
1.498,1.51103411717121,26.0840369728414,1.498,4.893,444.938
1.5,1.51133439030261,26.0954636214898,1.5,4.893,448.875
1.5,1.51383197103148,26.1112156492332,1.5,4.893,452.766
1.498,1.51071722321161,26.1274017950625,1.498,4.899,456.75
1.498,1.51057920349913,26.1455504049853,1.498,4.899,460.672
1.5,1.50993955128529,26.1513998743506,1.5,4.899,464.625
1.5,1.51185472964797,26.1675919418074,1.5,4.899,468.563
1.498,1.50980083327567,26.173092866202,1.498,4.899,472.547
1.5,1.510251644746,26.1849000954944,1.5,4.899,476.578
1.5,1.51247453847843,26.1942751645346,1.5,4.899,480.547
1.498,1.50976569787278,26.2155552912286,1.498,4.899,484.547
1.498,1.5093604484526,26.2352949454715,1.498,4.904,488.594
1.5,1.51047253194465,26.2529672099159,1.5,4.899,492.657
1.5,1.50555468348658,26.2620660861712,1.5,4.904,496.735
1.5,1.51094554594127,26.2742950154244,1.5,4.904,500.813
1.498,1.5123670535468,26.2884948076118,1.498,4.904,504.907
1.5,1.51120142188734,26.3104722312391,1.5,4.904,508.985
1.5,1.51081522501501,26.3132368904126,1.5,4.904,513.063
1.498,1.51229468221797,26.3377340665553,1.498,4.904,517.172
1.5,1.51065690406415,26.3512593839696,1.5,4.904,521.344
1.5,1.51073823103701,26.3689747436156,1.5,4.91,525.532
1.5,1.51156631287461,26.3883211487589,1.5,4.91,529.766
1.5,1.50892196026403,26.3961691456591,1.5,4.91,533.953
1.5,1.51052197382605,26.4052425134662,1.5,4.91,538.141
1.498,1.51087685142865,26.4289233861365,1.498,4.91,542.391
1.498,1.51255672633364,26.4437860246532,1.498,4.91,546.61
1.5,1.51205507142062,26.4614267544484,1.5,4.915,550.844
1.498,1.51045704170994,26.4730243048344,1.498,4.915,555.125
1.5,1.50987401619505,26.4912272047947,1.5,4.915,559.422
1.498,1.5106555364455,26.5110908675916,1.498,4.915,563.766
1.498,1.50788650228298,26.5235897571708,1.498,4.915,568.11
1.5,1.50705960258873,26.5354511234733,1.5,4.915,572.5
1.5,1.50916355953647,26.5566149378493,1.5,4.915,576.907
1.5,1.51132574161191,26.5818826395454,1.5,4.915,581.344
1.5,1.51182034129102,26.5967675972724,1.5,4.921,585.766
1.5,1.50849971783694,26.6052463934731,1.5,4.921,590.157
1.5,1.51144535658425,26.6439223021834,1.5,4.921,594.547
1.5,1.51342129573678,26.6626203605787,1.5,4.921,598.969
1.5,1.50814375690066,26.6849020091886,1.5,4.921,603.422
1.5,1.50733889831552,26.6977895164196,1.5,4.921,607.907
1.5,1.51342662122789,26.7195015418133,1.5,4.921,612.516
1.5,1.51341502870778,26.7375098221866,1.5,4.926,617.141
1.498,1.5086873357802,26.7583069119584,1.498,4.926,621.641
1.5,1.51036141025106,26.7744152673276,1.5,4.926,626.157
1.5,1.51087094573324,26.7927272251578,1.5,4.926,630.719
1.5,1.50916703958789,26.8038883636547,1.5,4.926,635.266
1.5,1.51190910105353,26.8277613216856,1.5,4.926,639.875
1.5,1.51043453146752,26.8499759369411,1.5,4.926,644.532
1.5,1.51027939977552,26.8673701434409,1.5,4.926,649.188
1.5,1.51289422141167,26.8877293733569,1.5,4.931,653.828
1.5,1.51124448999193,26.9129450964572,1.5,4.931,658.485
1.498,1.51248783723012,26.9319309255662,1.498,4.931,663.172
1.498,1.51039058990034,26.9547888729504,1.498,4.931,667.891
1.497,1.50860610262527,26.9680908393703,1.497,4.931,673
1.496,1.50921604941637,26.9878352425312,1.496,4.931,677.891
1.494,1.50753296346521,27.0220826866576,1.494,4.931,682.75
1.493,1.50597660582144,27.0422971593498,1.493,4.931,687.672
1.49,1.50066827935562,27.0537115551427,1.49,4.931,692.547
1.489,1.5002150501445,27.0684963691995,1.489,4.931,697.5
1.488,1.49798191440327,27.0922811414661,1.488,4.931,702.5
1.496,1.5060491047961,27.1064040497946,1.496,4.931,707.422
1.485,1.49615905154883,27.1226853801477,1.485,4.926,712.453
1.473,1.483595042678,27.1401810313736,1.473,4.921,717.516
1.462,1.47417101353904,27.1694879249731,1.462,4.915,722.907
1.451,1.46365783932038,27.1820302663633,1.451,4.91,728.078
1.44,1.44940184816666,27.1949775866055,1.44,4.904,733.297
1.429,1.43931642750786,27.2255598854411,1.429,4.899,738.516
1.428,1.43849768512208,27.2380290958578,1.428,4.899,744.141
1.416,1.42602717863165,27.2516609264459,1.416,4.893,749.532
1.406,1.41711032916927,27.267882699348,1.406,4.888,754.907
1.394,1.4055241655836,27.2809951050562,1.394,4.883,760.344
1.392,1.40557807627072,27.2922041425511,1.392,4.883,765.75
1.382,1.38977240256072,27.3024118328127,1.382,4.877,771.282
1.371,1.38001311838958,27.3194960537556,1.371,4.872,777.203
1.369,1.38091534885097,27.3368307810408,1.369,4.872,782.891
1.358,1.37000507589155,27.3387122369223,1.358,4.866,788.547
1.348,1.35685732212582,27.3541071048859,1.348,4.861,794.235
1.346,1.35712355084566,27.3637723304488,1.346,4.861,799.907
1.335,1.34626840802397,27.3736187425466,1.335,4.856,805.594
1.323,1.3357755400947,27.3828872766623,1.323,4.85,811.344
1.323,1.33563525394341,27.392652154837,1.323,4.85,817.063
1.312,1.32048900432312,27.4075188230062,1.312,4.845,822.844
1.3,1.3072573017707,27.409752858679,1.3,4.839,828.61
1.291,1.29920293190026,27.4158776312688,1.291,4.834,834.469
1.289,1.29866200403294,27.4245516219526,1.289,4.834,840.282
1.277,1.2910015171741,27.4290057809488,1.277,4.829,846.188
1.276,1.28687825309163,27.4349275657173,1.276,4.829,851.985
1.274,1.28421155195691,27.4371899743465,1.274,4.829,857.938
1.263,1.27480325579743,27.4426184530143,1.263,4.823,863.797
1.252,1.26201274918281,27.4451340315907,1.252,4.818,869.766
1.242,1.25223588383301,27.4426798816133,1.242,4.812,875.766
1.229,1.2415167114831,27.4420557352138,1.229,4.807,881.766
1.22,1.22883029718062,27.4406247286601,1.22,4.802,887.782
1.218,1.22670409275196,27.4438935575414,1.218,4.802,893.782
1.208,1.21814793565657,27.4379370413799,1.208,4.796,899.797
1.195,1.20184729680428,27.4388021824424,1.195,4.791,905.844
1.195,1.2017779248423,27.435295526867,1.195,4.791,912
1.183,1.19352009306359,27.4402343611717,1.183,4.785,918.172
1.172,1.17844837731588,27.4278750684368,1.172,4.78,924.297
1.171,1.1802440581621,27.4265790510126,1.171,4.78,930.453
1.16,1.1674998798062,27.4159786801582,1.16,4.775,936.61
1.149,1.16135801276585,27.4074560443809,1.149,4.769,942.86
1.138,1.14791869411108,27.3967036722655,1.138,4.764,949.032
1.137,1.14567269875476,27.3840630690755,1.137,4.758,955.297
1.126,1.13409542256919,27.3885481976995,1.126,4.758,961.594
1.115,1.12449293714718,27.3758145232642,1.115,4.753,967.922
1.114,1.12428383751239,27.3691504419839,1.114,4.753,974.203
1.103,1.11112392728916,27.3554545163706,1.103,4.748,980.5
1.102,1.11195298274384,27.3504488452056,1.102,4.748,986.813
1.092,1.09770200817051,27.3388238247851,1.092,4.742,993.188
1.081,1.09121054736992,27.3280472145595,1.081,4.737,999.641
1.07,1.07634467668664,27.3176087502294,1.07,4.731,1006.094
1.069,1.07656034036143,27.308762272948,1.069,4.731,1012.547
1.06,1.06762570343376,27.2927759852738,1.06,4.726,1019
1.058,1.06459546807154,27.2802931300547,1.058,4.726,1025.516
1.046,1.05381983702501,27.2732037696808,1.046,4.721,1032
1.045,1.05282745773256,27.259647507976,1.045,4.721,1038.594
1.045,1.05277620179881,27.2496344423855,1.045,4.721,1045.188
1.034,1.04032351732957,27.230214934923,1.034,4.715,1051.797
1.023,1.03164436172724,27.2084284285184,1.023,4.71,1058.438
1.021,1.02856811112497,27.2011206769626,1.021,4.71,1065.078
1.011,1.01809562919456,27.1706200199595,1.011,4.704,1071.782
1,1.00909216025984,27.1556252769683,1,4.699,1078.453
0.989,0.995384621558278,27.1381945138776,0.989,4.694,1085.125
0.988,0.995391850254076,27.128704754367,0.988,4.694,1091.813
0.988,0.993779844176538,27.1177711142196,0.988,4.694,1098.532
0.986,0.991555152142978,27.0943972005936,0.986,4.694,1105.282
0.975,0.98295847778085,27.0788408884316,0.975,4.688,1112.157
0.964,0.971776696451731,27.0624689264581,0.964,4.683,1119.032
0.963,0.972408184915031,27.0425666036867,0.963,4.683,1125.844
0.952,0.959235206867338,27.0349059143452,0.952,4.677,1132.688
0.941,0.948276674776732,27.0047049337125,0.941,4.672,1139.657
0.941,0.947926830316841,26.9957800754592,0.941,4.672,1146.594
0.94,0.948272636655972,26.9852386336695,0.94,4.672,1153.469
0.929,0.939604891704666,26.9636989482559,0.929,4.667,1160.516
0.92,0.924715471576976,26.9456959288677,0.92,4.661,1167.578
0.918,0.925471416278977,26.9217771887534,0.918,4.661,1174.594
0.917,0.92433511828792,26.8974269027741,0.917,4.661,1181.61
0.906,0.912821947150904,26.8832729844872,0.906,4.656,1188.688
0.905,0.910708283820437,26.8663456998172,0.905,4.656,1195.75
0.895,0.901020097647718,26.8511665748072,0.895,4.65,1202.938
0.894,0.900222609683162,26.8386929650616,0.894,4.65,1210.094
0.884,0.890647623718995,26.8159984460845,0.884,4.645,1217.297
0.883,0.886584612970134,26.7997509305834,0.883,4.645,1224.532
0.872,0.879580991726169,26.7823582876341,0.872,4.64,1231.719
0.871,0.876987081355638,26.7739182125382,0.871,4.64,1239.016
0.86,0.865326848329603,26.7521561698332,0.86,4.634,1246.328
0.86,0.866684924802877,26.7388255110547,0.86,4.634,1253.641
0.849,0.854809375539927,26.713728630477,0.849,4.629,1261.016
0.848,0.852756622381849,26.6917710567187,0.848,4.629,1268.407
0.838,0.843897498023751,26.6799631896641,0.838,4.623,1275.797
0.837,0.845605128510244,26.6527209221506,0.837,4.623,1283.219
0.826,0.832810463326217,26.6478338195181,0.826,4.618,1290.641
0.826,0.828367681771162,26.63782099557,0.826,4.618,1298.157
0.824,0.827249545758666,26.6224975980139,0.824,4.618,1305.703
0.814,0.81755059567096,26.6092906546733,0.814,4.613,1313.203
0.812,0.81783367655831,26.5888563827781,0.812,4.613,1320.797
0.811,0.818331642689032,26.5707473867053,0.811,4.613,1328.297
0.811,0.813864850232131,26.5504304657764,0.811,4.613,1335.938
0.79,0.796659879891187,26.5385881503023,0.79,4.596,1343.578
0.79,0.795201875460988,26.5160480111413,0.79,4.602,1351.25
0.789,0.791373609149066,26.5135300325286,0.789,4.602,1358.907
0.788,0.792810044706733,26.4972721619128,0.788,4.602,1366.61
0.778,0.783686827939461,26.4806045907404,0.778,4.596,1374.422
0.767,0.77080248297462,26.4679220473821,0.767,4.591,1382.203
0.766,0.773038215097443,26.4464975990178,0.766,4.591,1389.969
0.765,0.771615358797589,26.4370974996032,0.765,4.586,1397.719
0.754,0.75916599643815,26.4248567467543,0.754,4.58,1405.657
0.735,0.74204622200919,26.4142908378987,0.735,4.575,1413.547
0.735,0.740237922594372,26.4006940386582,0.735,4.575,1421.485
0.733,0.738624357159261,26.3838408347215,0.733,4.575,1429.375
0.732,0.739818260350497,26.3722538442972,0.732,4.569,1437.203
0.732,0.736531543233528,26.3537544706995,0.732,4.575,1445.188
0.731,0.738586660467412,26.3426456448487,0.731,4.575,1453.094
0.729,0.736749231613613,26.3282519262509,0.729,4.575,1461.141
0.72,0.726763139529809,26.3216855244838,0.72,4.569,1469.25
0.709,0.716598686592532,26.3060354371436,0.709,4.558,1477.344
0.708,0.71458838541197,26.2950606726334,0.708,4.558,1485.422
0.689,0.693248287105196,26.289999175218,0.689,4.553,1493.625
0.689,0.694530007099668,26.2663740720615,0.689,4.553,1501.782
0.687,0.69281881340916,26.2418735766369,0.687,4.553,1509.922
0.686,0.691973132854359,26.2325094661048,0.686,4.548,1518.032
0.686,0.692037210894573,26.2176243441778,0.686,4.553,1526.219
0.685,0.691475822584618,26.2069381201656,0.685,4.553,1534.328
0.674,0.67957509109989,26.2002834036419,0.674,4.542,1542.547
0.672,0.679007891851537,26.1792394586277,0.672,4.542,1550.813
0.652,0.659871663928092,26.1737992967077,0.652,4.531,1559.078
0.652,0.656401629691522,26.1669648472525,0.652,4.531,1567.391
0.642,0.643066890279304,26.1451784832092,0.642,4.531,1575.782
0.641,0.644711551252198,26.1375953453441,0.641,4.531,1584.157
0.641,0.648054106630238,26.1211579755908,0.641,4.526,1592.532
0.63,0.632867638478675,26.1130621366902,0.63,4.521,1601.016
0.629,0.632661010299508,26.0973383365527,0.629,4.521,1609.344
0.619,0.623557220807886,26.0807682508797,0.619,4.515,1617.594
0.608,0.613362517692182,26.0765305545003,0.608,4.51,1625.938
0.599,0.603936633820784,26.0568590860716,0.599,4.51,1634.313
0.599,0.603466822354635,26.0477696828515,0.599,4.51,1642.625
0.598,0.601564232800723,26.0347201638681,0.598,4.504,1651
0.598,0.600745153445536,26.0217027498087,0.598,4.504,1659.532
0.587,0.588899141676955,26.005347972396,0.587,4.499,1667.953
0.577,0.581286296650124,25.9998997883682,0.577,4.494,1676.438
0.566,0.570476413303866,25.991624612755,0.566,4.488,1684.922
0.557,0.560475759637461,25.9777280567781,0.557,4.483,1693.532
0.546,0.55071297207215,25.9680297263921,0.546,4.477,1702.078
0.546,0.551089626323668,25.9642991347796,0.546,4.477,1710.688
0.546,0.548613943591935,25.9497253447891,0.546,4.477,1719.282
0.546,0.549182676430663,25.9357148122841,0.546,4.477,1727.922
0.554,0.558695503148432,25.9240382756828,0.554,4.483,1736.641
0.545,0.548134130042457,25.908467317305,0.545,4.477,1745.391
0.534,0.538209541524012,25.9042802848916,0.534,4.472,1754.125
0.524,0.52651062275054,25.8859461973717,0.524,4.467,1762.953
0.523,0.529841084765429,25.8779248095182,0.523,4.467,1771.688
0.523,0.525321852970747,25.8554144628282,0.523,4.467,1780.563
0.523,0.525044106375051,25.860452771136,0.523,4.467,1789.344
0.521,0.524218867849464,25.8454246565922,0.521,4.467,1798.235
0.521,0.523812456646847,25.8287703276558,0.521,4.467,1807.172
0.52,0.526991353989365,25.8117631648371,0.52,4.467,1815.828
0.52,0.523034545968086,25.8062581247134,0.52,4.467,1824.485
0.509,0.511690362701325,25.7868984860936,0.509,4.461,1833.313
0.498,0.502006781292429,25.7709321788503,0.498,4.456,1842.11
0.498,0.5020659786356,25.7677202669189,0.498,4.456,1850.953
0.497,0.500692357782555,25.7585933376567,0.497,4.456,1859.719
0.497,0.498338929609653,25.7514783155119,0.497,4.456,1868.625
0.496,0.503025086159694,25.7352821236346,0.496,4.456,1877.547
0.486,0.489960914388551,25.7272981924051,0.486,4.45,1886.516
0.477,0.480903547838023,25.7103883372967,0.477,4.445,1895.485
0.466,0.469857522312794,25.6982246516494,0.466,4.44,1904.5
0.466,0.47091151346943,25.6844508788711,0.466,4.44,1913.578
0.466,0.46649600704774,25.6760334389793,0.466,4.44,1922.688
0.464,0.4687825134779,25.6685143247379,0.464,4.44,1931.813
0.464,0.467547576541657,25.6590684608754,0.464,4.44,1940.969
0.463,0.471079090357786,25.6434382082045,0.463,4.44,1950.172
0.463,0.467953050864056,25.627825664384,0.463,4.44,1959.344
0.462,0.469675173800388,25.619914620815,0.462,4.44,1968.547
0.452,0.455706303883011,25.616780468591,0.452,4.434,1977.828
0.441,0.444160345899046,25.5979188880066,0.441,4.429,1987.11
0.441,0.443923042028385,25.5824845211105,0.441,4.429,1996.407
0.441,0.441873060245435,25.5795535710327,0.441,4.429,2005.797
0.44,0.443702657089481,25.5719566353114,0.44,4.429,2014.516
0.44,0.442610706008891,25.5618140054533,0.44,4.429,2023.266
0.439,0.442635039633343,25.5527947277524,0.439,4.429,2032.11
0.429,0.434004070059697,25.5475615355303,0.429,4.423,2040.985
0.418,0.420340857348026,25.5224918224516,0.418,4.418,2049.813
0.418,0.424043293142435,25.5203477694219,0.418,4.418,2058.703
0.418,0.423353513005801,25.5072916348778,0.418,4.418,2067.641
0.418,0.422211284023161,25.50277708049,0.418,4.418,2076.532
0.417,0.424976460969518,25.4923308445558,0.417,4.418,2085.469
0.417,0.420335718720699,25.4854707521581,0.417,4.418,2094.469
0.415,0.422307271324585,25.4779282095745,0.415,4.418,2103.563
0.405,0.410257686251288,25.4643508437667,0.405,4.413,2112.641
0.405,0.406320475836273,25.4555439882254,0.405,4.413,2121.766
0.405,0.409485333919297,25.4456620967582,0.405,4.413,2130.828
0.405,0.409839566272484,25.4340383318788,0.405,4.413,2139.985
0.394,0.396085287955223,25.4280827249574,0.394,4.407,2149.235
0.394,0.395272862896423,25.4138567827348,0.394,4.407,2158.5
0.392,0.394764747244774,25.4111765759028,0.392,4.407,2167.797
0.392,0.395631656072534,25.3991195136873,0.392,4.407,2177.047
0.392,0.395957094406755,25.3888569984316,0.392,4.407,2186.344
0.382,0.387115038377585,25.3795426257424,0.382,4.402,2195.782
0.382,0.383583421995922,25.3734190400986,0.382,4.402,2205.141
0.371,0.374843477755772,25.3628026121566,0.371,4.396,2214.625
0.371,0.377355942248306,25.3570408550154,0.371,4.396,2224.032
0.371,0.373564200481128,25.3466571008133,0.371,4.396,2233.516
0.371,0.377143358733651,25.331483366427,0.371,4.396,2243.047
0.369,0.373078603293067,25.3192208303383,0.369,4.396,2252.532
0.369,0.372073115637411,25.3224632571472,0.369,4.396,2262.094
0.36,0.363081576487812,25.3038898963243,0.36,4.391,2271.797
0.358,0.360144402821458,25.2977973924829,0.358,4.391,2281.453
0.358,0.358405640222033,25.2949921456186,0.358,4.391,2291.11
0.349,0.350288213662093,25.2874609680502,0.349,4.386,2300.844
0.349,0.35042486789863,25.2782716399566,0.349,4.386,2310.563
0.348,0.352454170980105,25.2621086757682,0.348,4.386,2320.375
0.348,0.349249852728759,25.2548715520108,0.348,4.386,2330.11
0.346,0.349630343239885,25.2494364374201,0.346,4.386,2340
0.346,0.350441513070925,25.2345325879508,0.346,4.386,2349.844
0.337,0.340337068787026,25.2200788040562,0.337,4.38,2359.766
0.337,0.337050609961846,25.2192782298039,0.337,4.38,2369.672
0.335,0.34158927512357,25.2059517252262,0.335,4.38,2379.688
0.326,0.328330993253277,25.2017630787154,0.326,4.375,2389.735
0.326,0.328376067038755,25.1943126299732,0.326,4.375,2399.813
0.326,0.330970072684068,25.1875365427182,0.326,4.375,2409.875
0.324,0.324949447144655,25.1842382751558,0.324,4.375,2420.016
0.324,0.32895607695198,25.1751734962238,0.324,4.375,2430.157
0.314,0.316892201026061,25.1586995095908,0.314,4.369,2440.375
0.314,0.317253325865491,25.1466049384032,0.314,4.369,2450.563
0.314,0.315349322279468,25.1405735011824,0.314,4.369,2460.844
0.312,0.316747246820368,25.1258256775532,0.312,4.369,2471.125
0.312,0.313419327600892,25.1153221487624,0.312,4.369,2481.407
0.301,0.307443307871134,25.1039265794518,0.301,4.364,2491.828
0.301,0.303125523803943,25.1008568510849,0.301,4.364,2502.157
0.301,0.30635414696566,25.0888805750237,0.301,4.364,2512.016
0.301,0.304347846780657,25.0873183983884,0.301,4.364,2521.938
0.3,0.302146699442354,25.0773821424359,0.3,4.364,2531.86
0.29,0.294138100104139,25.063919572885,0.29,4.359,2541.782
0.29,0.293963379944567,25.0609472227477,0.29,4.359,2551.688
0.29,0.291325736471639,25.0587232424536,0.29,4.359,2561.735
0.289,0.292866580198613,25.0505235157758,0.289,4.359,2571.75
0.289,0.28748230224317,25.0526311773673,0.289,4.359,2581.828
0.289,0.293265128454696,25.0320963769171,0.289,4.359,2591.875
0.288,0.292057427113987,25.0291695522907,0.288,4.359,2602.016
0.288,0.291945063629365,25.0293271343865,0.288,4.359,2612.219
0.288,0.292087151615101,25.014421903907,0.288,4.359,2622.422
0.288,0.289007519645072,25.0068176848603,0.288,4.359,2632.672
0.286,0.288392857322993,24.9990068015886,0.286,4.359,2642.938
0.277,0.280210660442464,24.9898880350093,0.277,4.353,2653.282
0.266,0.267342540593878,24.9888444638561,0.266,4.348,2663.672
0.266,0.268812518635263,24.9754349532154,0.266,4.348,2674.016
0.266,0.270927001680812,24.9777419332462,0.266,4.348,2684.438
0.266,0.268129599929482,24.9667949639299,0.266,4.348,2694.813
0.266,0.267871875935549,24.9609529399516,0.266,4.348,2705.328
0.265,0.265865492368721,24.9516841359204,0.265,4.348,2715.828
0.265,0.266033685653877,24.9542496732197,0.265,4.348,2726.375
0.265,0.267783115338474,24.9449037580378,0.265,4.348,2736.969
0.263,0.265251723015615,24.9374182050828,0.263,4.348,2747.703
0.263,0.264668553623385,24.9385272935111,0.263,4.348,2758.391
0.263,0.265467817168655,24.9276074173404,0.263,4.348,2769.078
0.252,0.252068981273788,24.9219591763545,0.252,4.342,2779.875
0.243,0.245603863797712,24.9040003211893,0.243,4.337,2790.657
0.243,0.244891116203783,24.901758297163,0.243,4.337,2801.344
0.243,0.246694756369289,24.8937679209528,0.243,4.337,2812.172
0.243,0.249097171338153,24.8923773953591,0.243,4.337,2823
0.243,0.243824099326194,24.8819760679262,0.243,4.337,2833.891
0.242,0.243643504915513,24.8708648964826,0.242,4.337,2844.891
0.242,0.244017300471166,24.8689630860632,0.242,4.337,2855.86
0.242,0.245958328107212,24.8687448373356,0.242,4.337,2866.875
0.24,0.242575971216873,24.851508074404,0.24,4.337,2877.875
0.231,0.234029617944517,24.8434737182575,0.231,4.332,2888.969
0.231,0.234142148970299,24.8444394690068,0.231,4.332,2900.094
0.231,0.232482466945188,24.8361592352307,0.231,4.332,2911.235
0.231,0.231957358977515,24.8209736049628,0.231,4.332,2922.407
0.229,0.233311887941266,24.8190931514701,0.229,4.332,2933.61
0.229,0.231642239156542,24.8182164319218,0.229,4.332,2944.891
0.229,0.232107625164936,24.8071700467674,0.229,4.332,2956.188
0.218,0.220901544397545,24.797576788356,0.218,4.326,2967.5
0.209,0.211097802987044,24.8025132568356,0.209,4.321,2978.891
0.209,0.21190955059808,24.7866989306408,0.209,4.321,2990.344
0.209,0.208701459708573,24.7741916759962,0.209,4.321,3001.828
0.209,0.210570452871227,24.7744939562132,0.209,4.321,3012.719
0.209,0.213573955273219,24.7782082747766,0.209,4.321,3023.625
0.208,0.210461983393088,24.7622612325835,0.208,4.321,3034.547
0.208,0.211914384156652,24.7687224447997,0.208,4.321,3045.594
0.208,0.210094521852846,24.7620327339886,0.208,4.321,3056.578
0.208,0.210458790729101,24.7533643687168,0.208,4.321,3067.657
0.208,0.210460774041975,24.7492982510894,0.208,4.321,3078.766
0.208,0.208974915407565,24.7334703550872,0.208,4.321,3089.922
0.208,0.208752858441814,24.7350754916898,0.208,4.321,3101.125
0.206,0.208143284405823,24.7330398225855,0.206,4.321,3112.344
0.206,0.209376297969562,24.7227177546211,0.206,4.321,3123.625
0.206,0.210892705474437,24.716584248692,0.206,4.321,3134.922
0.205,0.209682538976391,24.7047491670318,0.205,4.321,3146.282
0.195,0.194842183959958,24.7056472046545,0.195,4.315,3157.578
0.186,0.189591022929504,24.7049425663685,0.186,4.31,3168.985
0.186,0.188772053968064,24.6912050465379,0.186,4.31,3180.438
0.186,0.18783734682722,24.6918116575112,0.186,4.31,3191.938
0.186,0.184690718765644,24.6944015775321,0.186,4.31,3203.438
0.186,0.183303744126841,24.6759395777997,0.186,4.31,3215.016
0.185,0.186799241905677,24.6789378942659,0.185,4.31,3226.516
0.185,0.187582973548811,24.6760262570726,0.185,4.31,3238.188
0.185,0.184152676374449,24.6650145100319,0.185,4.31,3249.797
0.185,0.185582752602891,24.64621622625,0.185,4.31,3261.453
0.185,0.186858040266475,24.6533228019813,0.185,4.31,3273.157
0.174,0.175655463250808,24.647629733545,0.174,4.305,3284.969
0.174,0.175223056188118,24.6426437680236,0.174,4.305,3296.797
0.174,0.174888244646014,24.6417005282902,0.174,4.305,3308.657
0.174,0.174924582015208,24.6377203957892,0.174,4.305,3320.532
0.174,0.173183502799311,24.633736538833,0.174,4.305,3332.36
0.174,0.176881061875071,24.6324528280811,0.174,4.305,3344.297
0.172,0.172960517997374,24.6230210236678,0.172,4.305,3356.266
0.172,0.17307923283246,24.6191015073575,0.172,4.305,3368.313
0.172,0.174795897003659,24.6040467147919,0.172,4.305,3380.391
0.172,0.171865979028728,24.6039405663137,0.172,4.305,3392.516
0.172,0.173953260089218,24.6024664401974,0.172,4.305,3404.688
0.161,0.164930038186179,24.6041788394472,0.161,4.299,3416.86
0.161,0.161805908154404,24.5910678679451,0.161,4.299,3429.078
0.161,0.164457870331822,24.588294562725,0.161,4.299,3441.313
0.161,0.165051370920316,24.5880061124145,0.161,4.299,3453.594
0.161,0.160459695069965,24.579763187625,0.161,4.299,3465.969
0.161,0.164542982096156,24.5807093430705,0.161,4.299,3478.36
0.16,0.161487441840058,24.5777131518876,0.16,4.299,3490.641
0.16,0.165118194616317,24.5645064454866,0.16,4.299,3503.047
0.16,0.162565684970315,24.5599275250821,0.16,4.299,3514.938
0.16,0.161415342209397,24.5574863632827,0.16,4.299,3526.844
0.151,0.154387264031167,24.556799173889,0.151,4.294,3538.875
0.151,0.150292238178329,24.5519177016853,0.151,4.294,3550.922
0.151,0.15185934562103,24.5406924274462,0.151,4.294,3562.985
0.149,0.151079774971547,24.5373568393156,0.149,4.294,3574.938
0.149,0.148961836686503,24.5378924101758,0.149,4.294,3587.016
0.149,0.150265506200553,24.5315170644714,0.149,4.294,3599.125
0.149,0.148659839361957,24.5310313945915,0.149,4.294,3611.36
0.149,0.149294532483001,24.5301161889955,0.149,4.294,3623.61
0.14,0.140842327494751,24.5270498686435,0.14,4.288,3635.938
0.14,0.139336330061923,24.5178613848547,0.14,4.288,3648.188
0.14,0.140102822915854,24.5119396466863,0.14,4.288,3660.547
0.138,0.141227015831663,24.5161163108611,0.138,4.288,3672.891
0.138,0.13765052374888,24.5206750911667,0.138,4.288,3685.297
0.138,0.139694391116554,24.5072067755808,0.138,4.288,3697.703
0.138,0.139576000514949,24.5017897851068,0.138,4.288,3710.266
0.138,0.138558460514297,24.4960027784066,0.138,4.288,3722.813
0.138,0.139451204699453,24.4951482689492,0.138,4.288,3735.438
0.138,0.140063094406098,24.4866065234343,0.138,4.288,3748
0.137,0.140076794349177,24.4827589009087,0.137,4.288,3760.703
0.137,0.138688739319003,24.4900764585901,0.137,4.288,3773.438
0.126,0.128625400898133,24.4753956990403,0.126,4.283,3786.172
0.126,0.128703039192838,24.466652505555,0.126,4.283,3798.891
0.126,0.127440706845963,24.4706175182659,0.126,4.283,3811.735
0.126,0.130221041034986,24.4659545521607,0.126,4.283,3824.61
0.126,0.129141758281939,24.4576730780838,0.126,4.283,3837.516
0.126,0.127569657498143,24.4701398405327,0.126,4.283,3850.391
0.126,0.130016550950796,24.4640621019967,0.126,4.283,3863.391
0.126,0.12610511170861,24.4588909808907,0.126,4.283,3876.407
0.126,0.122880586904839,24.4558062615008,0.126,4.283,3889.516
0.126,0.126351049751474,24.4542161363852,0.126,4.283,3902.641
0.126,0.127066293471704,24.4540852581971,0.126,4.283,3915.75
0.115,0.11362512441535,24.4537863530384,0.115,4.278,3928.844
0.115,0.115124185167334,24.4435499638092,0.115,4.278,3942.032
0.115,0.115487877761636,24.4331415311205,0.115,4.278,3955.219
0.115,0.115588885560733,24.4391739879527,0.115,4.278,3968.5
0.115,0.117046352681276,24.4274135973082,0.115,4.278,3981.828
0.115,0.115016384254445,24.4295474787201,0.115,4.278,3995.235
0.115,0.113640058771535,24.4195333218804,0.115,4.278,4008.641
0.115,0.11488265031258,24.4223478564852,0.115,4.278,4021.438
0.114,0.115238492952847,24.4145244382573,0.114,4.278,4034.313
0.114,0.116784054135492,24.4235329172599,0.114,4.278,4047.235
0.114,0.113846251480466,24.4140937034285,0.114,4.278,4060.11
0.114,0.114507519215345,24.4140789674815,0.114,4.278,4073.141
0.114,0.115483564649469,24.4040192575089,0.114,4.278,4086.219
0.114,0.112556806113722,24.4042402500574,0.114,4.278,4099.282
0.112,0.113999980312469,24.3981842097131,0.112,4.278,4112.375
0.112,0.113094563294658,24.3905923024176,0.112,4.278,4125.578
0.112,0.114353865128012,24.3939345546636,0.112,4.278,4138.766
0.112,0.114393933247033,24.3899671200195,0.112,4.278,4152.016
0.112,0.114367946588278,24.3901053272097,0.112,4.278,4165.25
0.112,0.113863033052084,24.3860537890709,0.112,4.278,4178.578
0.111,0.112004594003528,24.3818909331731,0.111,4.278,4191.938
0.111,0.114734771038961,24.3741413799779,0.111,4.278,4205.375
0.102,0.103796582754896,24.3672969871175,0.102,4.272,4218.782
0.092,0.0915103006285749,24.3659594104779,0.092,4.267,4232.328
0.092,0.0955835621804134,24.3687068581729,0.092,4.267,4245.813
0.092,0.0935059935319845,24.3703516299977,0.092,4.267,4259.391
0.092,0.099631381167704,24.3618587876852,0.092,4.267,4272.953
0.092,0.0927760317231639,24.3620072988924,0.092,4.267,4286.547
0.092,0.0924082131529621,24.3567611816709,0.092,4.267,4300.297
0.092,0.0923652046642161,24.3518764821038,0.092,4.267,4313.985
0.092,0.0921678677643322,24.351403731954,0.092,4.267,4327.735
0.092,0.0932615267085593,24.3486675685771,0.092,4.267,4341.516
0.092,0.0937221760890502,24.3482851344172,0.092,4.267,4355.344
0.092,0.0916322324073519,24.3447937480769,0.092,4.267,4369.235
0.092,0.0944609474750876,24.3433816118044,0.092,4.267,4383.219
0.092,0.0939509798729735,24.337735573802,0.092,4.267,4397.157
0.092,0.0905236243562973,24.3401393643707,0.092,4.267,4411.125
0.091,0.0917619045898288,24.3388529407909,0.091,4.267,4425.157
0.091,0.091550369848248,24.3318684914608,0.091,4.267,4439.297
0.091,0.0908901698792527,24.330821815568,0.091,4.267,4453.469
0.091,0.0945431160845155,24.3392263706531,0.091,4.267,4467.703
0.081,0.0829189132097905,24.3368089274665,0.081,4.261,4482
0.081,0.0810795932797138,24.3339191422921,0.081,4.261,4496.282
0.081,0.0844969275615882,24.3296829003082,0.081,4.261,4510.594
0.081,0.0852555883433074,24.3411335608556,0.081,4.261,4524.297
0.081,0.0801120132863,24.3306045708264,0.081,4.261,4538.063
0.081,0.0805393456041738,24.3256007723463,0.081,4.261,4551.828
0.08,0.0793287427724676,24.3261981954162,0.08,4.261,4565.719
0.08,0.0808209605026777,24.3165065925727,0.08,4.261,4579.594
0.08,0.0819940075002302,24.313040026941,0.08,4.261,4593.469
0.08,0.0796267744836404,24.3087871903908,0.08,4.261,4607.438
0.08,0.081185221656829,24.3101078045219,0.08,4.261,4621.391
0.08,0.0792300159382704,24.3130712265853,0.08,4.261,4635.5
0.08,0.0779026284009764,24.3056513226523,0.08,4.261,4649.594
0.08,0.0796923335767902,24.3051954046439,0.08,4.261,4663.703
0.08,0.0844351083755829,24.308320601901,0.08,4.261,4677.953
0.08,0.0797234043593656,24.2924975127579,0.08,4.261,4692.172
0.069,0.0688179556627367,24.2975010034615,0.069,4.256,4706.407
0.07,0.0699336527886886,24.301719638684,0.07,4.256,4720.641
0.07,0.0709209050223348,24.3001785915553,0.07,4.256,4734.985
0.07,0.0718623506574508,24.297314277214,0.07,4.256,4749.422
0.07,0.0702031826414441,24.307086554144,0.07,4.256,4763.86
0.07,0.0691948475926688,24.3090177726561,0.07,4.256,4778.25
0.07,0.0685413126273901,24.3032362897377,0.07,4.256,4792.813
0.069,0.0706904796866995,24.2956787923007,0.069,4.256,4807.407
0.069,0.0703550065771242,24.2991404437304,0.069,4.256,4822.047
0.069,0.0703859803295484,24.2953500264013,0.069,4.256,4836.766
0.069,0.0694282888598439,24.2885222870079,0.069,4.256,4851.407
0.069,0.0682252401891706,24.2873717778995,0.069,4.256,4866.078
0.069,0.0676708282743701,24.2767701835414,0.069,4.256,4880.782
0.069,0.0683658684190385,24.2879036823979,0.069,4.256,4895.594
0.069,0.0671463531489384,24.2800674024988,0.069,4.256,4910.375
0.069,0.0716634583739241,24.2865532527324,0.069,4.256,4925.328
0.069,0.0689756656104553,24.2790747064856,0.069,4.256,4940.297
0.069,0.0690481944034045,24.273275066126,0.069,4.256,4955.266
0.068,0.068745609985823,24.2764157060479,0.068,4.256,4970.297
0.068,0.0701468120406879,24.2729842254526,0.068,4.256,4985.438
0.068,0.0691200751363383,24.2718859325399,0.068,4.256,5000.516
0.068,0.0664145853149892,24.2696986145449,0.068,4.256,5014.438
0.068,0.0684690277935234,24.27513494469,0.068,4.256,5028.282
0.058,0.057807623642184,24.2808894857796,0.058,4.25,5042.25
0.058,0.0590514370333246,24.2726348062647,0.058,4.25,5056.313
0.058,0.0599787387136788,24.2604702828558,0.058,4.25,5070.297
0.058,0.0592945050147768,24.252490583221,0.058,4.25,5084.328
0.058,0.0588014250010917,24.2485109754806,0.058,4.25,5098.407
0.058,0.0597329369651918,24.2584738971745,0.058,4.25,5112.5
0.058,0.0567400357178483,24.2529935928464,0.058,4.25,5126.641
0.058,0.0629926253070495,24.2563101596958,0.058,4.25,5140.86
0.058,0.0571415676951139,24.2551370441541,0.058,4.25,5155.172
0.058,0.0589522186584109,24.2521365029998,0.058,4.25,5169.516
0.058,0.0555910048319093,24.2572823150668,0.058,4.25,5183.907
0.058,0.0556124231565983,24.2519773770691,0.058,4.25,5198.25
0.058,0.057198553634928,24.2561870079473,0.058,4.25,5212.735
0.058,0.0615786522825999,24.2530213722381,0.058,4.25,5227.188
0.058,0.058509900068381,24.2496664220524,0.058,4.25,5241.766
0.057,0.0547732252067192,24.2423921848212,0.057,4.25,5256.297
0.057,0.0540947870248754,24.2488867152855,0.057,4.25,5270.813
0.057,0.0565030248373904,24.2366385992773,0.057,4.25,5285.391
0.057,0.0575247709855481,24.2317565991931,0.057,4.25,5300.016
0.057,0.0601361406097477,24.241570642759,0.057,4.25,5314.703
0.057,0.0572093093562433,24.2304572641232,0.057,4.25,5329.485
0.047,0.0501938526334146,24.2419839131756,0.047,4.245,5344.282
0.047,0.0470041007268414,24.226731578243,0.047,4.245,5359.141
0.047,0.0485371582649985,24.2211058183196,0.047,4.245,5374.063
0.047,0.0490964814148714,24.2329600670706,0.047,4.245,5389
0.047,0.0464331867230438,24.2250335834348,0.047,4.245,5404
0.047,0.0490234737044017,24.2292006573814,0.047,4.245,5418.969
0.047,0.0473713294932467,24.2332691732732,0.047,4.245,5434.016
0.047,0.0496985053811798,24.2350824217223,0.047,4.245,5449.078
0.047,0.0503146431250106,24.2319234971269,0.047,4.245,5464.157
0.047,0.0459140646542478,24.2351267300752,0.047,4.245,5479.235
0.047,0.0450748312245598,24.2346831085376,0.047,4.245,5494.422
0.047,0.0512975540484866,24.2344834425252,0.047,4.245,5509.657
0.047,0.04686506199186,24.2294240738311,0.047,4.245,5524.985
0.047,0.0491940987680265,24.2228280840733,0.047,4.245,5540.282
0.047,0.0485124049861857,24.2208184916281,0.047,4.245,5555.578
0.047,0.0456892428948019,24.2235184628334,0.047,4.245,5571.032
0.047,0.0450449529999656,24.2177816889443,0.047,4.245,5586.453
0.047,0.0457080950197598,24.2185693035102,0.047,4.245,5601.953
0.047,0.0458482719779193,24.2236788383734,0.047,4.245,5617.516
0.047,0.0480718793573819,24.2159560926178,0.047,4.245,5633.094
0.046,0.0477494808616449,24.2246053622012,0.046,4.245,5648.688
0.046,0.0470368221756081,24.2129889241243,0.046,4.245,5664.313
0.046,0.0472372554370816,24.2158034011416,0.046,4.245,5680.094
0.046,0.0466773686348522,24.2130452572091,0.046,4.245,5695.828
0.046,0.049138362103088,24.2232245867011,0.046,4.245,5711.657
0.046,0.0468686807450407,24.2067782076395,0.046,4.245,5727.547
0.046,0.0473635421846517,24.2158348351594,0.046,4.245,5743.485
0.046,0.0495525559616365,24.2136401720548,0.046,4.245,5759.422
0.046,0.04885640390079,24.2282497596761,0.046,4.245,5775.438
0.046,0.0458326717410258,24.2092087659901,0.046,4.245,5791.36
0.046,0.0446411535779442,24.2079745837857,0.046,4.245,5807.422
0.046,0.0449584184197727,24.2052423563472,0.046,4.245,5823.532
0.046,0.0436617598253686,24.2127401373647,0.046,4.245,5839.657
0.046,0.0446465893497024,24.2072487261937,0.046,4.245,5855.875
0.046,0.0441099819268056,24.2092058097313,0.046,4.245,5872.11
0.046,0.0470754771338903,24.2046574195935,0.046,4.245,5888.407
0.045,0.0458361453058284,24.2010709580993,0.045,4.245,5904.625
0.045,0.0478223537685991,24.1975398247626,0.045,4.245,5921.016
0.045,0.0438702025910752,24.1906421043214,0.045,4.245,5937.453
0.035,0.0323801262632588,24.1915008980647,0.035,4.24,5953.969
0.035,0.0331785271914327,24.1971574193043,0.035,4.24,5970.516
0.035,0.0371507488034734,24.2075578619311,0.035,4.24,5987
0.035,0.0390353653971384,24.2029403194218,0.035,4.24,6003.532
0.035,0.0344402350833955,24.1903905511658,0.035,4.24,6019.063
0.035,0.0374308352065955,24.1967840976199,0.035,4.24,6034.469
0.035,0.037665490300918,24.196301520393,0.035,4.24,6049.985
0.035,0.0346859744628728,24.1915551735615,0.035,4.24,6065.547
0.035,0.0335769632274627,24.1927444861888,0.035,4.24,6081.157
0.035,0.0373902673533125,24.2009077090942,0.035,4.24,6096.75
0.035,0.0363087417022344,24.1949644574508,0.035,4.24,6112.36
0.035,0.0331537391682792,24.1993407260038,0.035,4.24,6128.094
0.035,0.0339703596990981,24.1942546795043,0.035,4.24,6143.782
0.035,0.0351673334201199,24.1940963474781,0.035,4.24,6159.641
0.035,0.036155674919553,24.1875969620508,0.035,4.24,6175.547
0.035,0.0360840665765015,24.1978175312049,0.035,4.24,6191.422
0.035,0.0332976502611164,24.1965288209733,0.035,4.24,6207.407
0.035,0.0355500968484574,24.1921143204839,0.035,4.24,6223.407
0.035,0.0368906827769293,24.192721408531,0.035,4.24,6239.453
0.035,0.0344256100610601,24.1936162894055,0.035,4.24,6255.485
0.035,0.0345202183036124,24.201516780888,0.035,4.24,6271.688
0.034,0.0365640238810361,24.1921915053681,0.034,4.24,6287.953
0.034,0.0351408793344125,24.1877573869173,0.034,4.24,6304.188
0.035,0.0348104588670674,24.1877109302333,0.035,4.24,6320.532
0.034,0.0370380897167019,24.188399700189,0.034,4.24,6336.86
0.034,0.037208903051535,24.1886245737354,0.034,4.24,6353.235
0.034,0.035745022230073,24.186938269049,0.034,4.24,6369.657
0.034,0.0349090275130683,24.1824107609171,0.034,4.24,6386.016
0.034,0.0361536392907116,24.1870496151921,0.034,4.24,6402.5
0.034,0.0361503555121967,24.1891798102475,0.034,4.24,6419.032
0.034,0.0351963167823277,24.1777201352157,0.034,4.24,6435.61
0.034,0.0335819694043686,24.178178369056,0.034,4.24,6452.235
0.034,0.0324105478606577,24.1867260295496,0.034,4.24,6468.907
0.034,0.035542823946244,24.1716002606096,0.034,4.24,6485.61
0.034,0.0349185048618721,24.1737782316603,0.034,4.24,6502.344
0.034,0.0313382808804656,24.1759380365863,0.034,4.24,6519.094
0.034,0.0337295519185693,24.1748434519362,0.034,4.24,6535.953
0.034,0.0325042552992473,24.1870476355556,0.034,4.24,6552.797
0.034,0.0331547851430177,24.1763387774702,0.034,4.24,6569.672
0.034,0.0343881206372867,24.1739298308112,0.034,4.24,6586.594
0.034,0.035312163886625,24.177563661987,0.034,4.24,6603.61
0.034,0.0325710254671784,24.1862263875155,0.034,4.24,6620.61
0.034,0.0335000801897238,24.1856883117915,0.034,4.24,6637.703
0.032,0.0342237215438859,24.1888729689955,0.032,4.24,6654.86
0.032,0.0314857329540061,24.1883264597638,0.032,4.24,6672.063
0.032,0.0340628642428077,24.1820411432499,0.032,4.24,6689.266
0.032,0.0340194533944495,24.17740198346,0.032,4.24,6706.641
0.032,0.0360401200134923,24.1732855645009,0.032,4.24,6723.953
0.032,0.0338365092366179,24.1800061071641,0.032,4.24,6741.391
0.032,0.0330528526099921,24.1822902313404,0.032,4.24,6758.813
0.032,0.0354057522318628,24.1837467486538,0.032,4.24,6776.313
0.032,0.034253721675264,24.1853530656035,0.032,4.24,6793.875
0.032,0.0344207457923223,24.1804828953539,0.032,4.24,6811.297
0.032,0.0352225293605038,24.1760758094498,0.032,4.24,6828.828
0.032,0.0306191615299643,24.1820567708101,0.032,4.24,6846.375
0.032,0.0332390898132783,24.1691396191406,0.032,4.24,6864.047
0.032,0.0322522051940632,24.1670618808059,0.032,4.24,6881.719
0.032,0.032811414430697,24.1709896911355,0.032,4.24,6899.422
0.032,0.0311218760839418,24.1719975661511,0.032,4.24,6917.188
0.031,0.0336632872514224,24.1723066302381,0.031,4.24,6934.969
0.031,0.031169216223246,24.1806191674626,0.031,4.24,6952.844
0.032,0.0320836679055509,24.1759824543016,0.032,4.24,6970.75
0.031,0.0334838962294185,24.1783019359187,0.031,4.24,6988.735
0.031,0.031138735257609,24.1903490936464,0.031,4.24,7006.766
0.031,0.0298876170956639,24.1855313143001,0.031,4.24,7023.578
0.031,0.0309711450494699,24.1834450856869,0.031,4.24,7040.36
0.031,0.034537123609793,24.1833955872426,0.031,4.24,7057.266
0.031,0.0342967714484646,24.1801854196917,0.031,4.24,7074.157
0.031,0.0325929302871062,24.1877671946696,0.031,4.24,7091.172
0.021,0.024036235247763,24.1720437644251,0.021,4.234,7108.188
0.012,0.0111602216542072,24.1820599066707,0.012,4.229,7125.25
-0.002,-0.000347027949984981,24.4645469045721,-0.002,0.003,7142.282
-0.002,-0.00319665758847235,24.7299187674368,-0.002,0.003,7159.172
-0.002,-0.00278431886048148,24.768309354088,-0.002,0.003,7176.235
0,-0.000370081430176359,24.7577774172585,0,0.003,7193.328
-0.002,-0.0028237916834498,24.7485471119508,-0.002,0.003,7210.485
0,-0.00427117174588695,24.7396655257138,0,0.003,7227.625
0,0.000633490859740153,24.72235444727,0,0.003,7244.828
0,-0.0010559213440312,24.6985048214946,0,0.003,7262.11
-0.002,-0.00175735415797255,24.6839175921507,-0.002,0.003,7279.297
0,-0.00135290178219755,24.6758638366935,0,0.003,7296.61
0,-0.00118803975546709,24.6498614594621,0,0.003,7313.969
0,-0.000980390869617877,24.6514220273314,0,0.003,7331.391
0,-0.000672934960173503,24.6455055765759,0,0.003,7348.875
0,-0.00233421183923724,24.6235176792457,0,0.003,7366.328
0,-0.000585054454874253,24.6067947045446,0,0.003,7383.813
0,0.00166965239240655,24.6067700461602,0,0.003,7401.391
-0.002,-0.00519602031106074,24.5965952874239,-0.002,0.003,7419
0,-0.00131944726054101,24.5931622876176,0,0.003,7436.719
0,-0.00267139684978806,24.57598626898,0,0.003,7454.375
0,-0.00200329339068276,24.5675754256341,0,0.003,7472.11
0,-0.00187706505598586,24.5560428090257,0,0.003,7489.891
0,-0.00329235713967974,24.5484975198514,0,0.003,7507.86
0,-0.00339135418490738,24.5393972895358,0,0.003,7525.782
0,-0.000942382137392054,24.5324979494391,0,0.003,7543.797
0,-0.00035058934384185,24.5186725989278,0,0.003,7561.75
0,-0.00185593256166973,24.5143627247609,0,0.003,7579.813
0,-0.00289244415825233,24.5070404981243,0,0.003,7597.875
